2010-06-28,11.76470588235294
2010-06-29,35.73684210526316
2010-06-30,-3.0632027917797564
2010-07-01,-8.0
2010-07-02,-13.043478260869565
2010-07-06,-18.000000000000007
2010-07-07,-1.5853658536585244
2010-07-08,8.921933085501845
2010-07-09,2.104664391353817
2010-07-12,-3.119777158774366
2010-07-13,3.162737205290401
2010-07-14,11.148272017837234
2010-07-15,3.8114343029087157
2010-07-16,3.2367149758454192
2010-07-19,2.246139447824054
2010-07-20,-5.446224256292911
2010-07-21,-0.7744433688286552
2010-07-22,3.365853658536592
2010-07-23,1.4629542236904138
2010-07-26,-2.7441860465116275
2010-07-27,-1.7216642754662812
2010-07-28,1.0705596107055906
2010-07-29,-2.7443428021184415
2010-07-30,1.4851485148514887
2010-08-02,2.4390243902439024
2010-08-03,4.52380952380952
2010-08-04,-1.8678815489749436
2010-08-05,-6.685236768802218
2010-08-06,-0.9950248756219046
2010-08-09,-1.256281407035176
2010-08-10,-4.885496183206094
2010-08-11,-4.7619047619047645
2010-08-12,2.1348314606741514
2010-08-13,1.485148514851483
2010-08-16,2.764227642276431
2010-08-17,3.322784810126577
2010-08-18,-5.359877488514552
2010-08-19,0.593311758360299
2010-08-20,2.35924932975872
2010-08-23,0.8381351492928242
2010-08-24,-0.46753246753246674
2010-08-25,3.8100208768267243
2010-08-26,-0.703871292106589
2010-08-27,-0.25316455696202894
2010-08-30,-0.20304568527918349
2010-08-31,-0.20345879959307805
2010-09-01,3.82262996941896
2010-09-02,2.454590083456063
2010-09-03,-1.2458073790129447
2010-09-07,0.24260067928190543
2010-09-08,1.64569215876089
2010-09-09,-1.1904761904761905
2010-09-10,0.6746987951807256
2010-09-13,-1.6754427955959854
2010-09-14,2.142161635832528
2010-09-15,5.576739752144891
2010-09-16,-5.101580135440177
2010-09-17,-1.665080875356793
2010-09-20,1.06434446057087
2010-09-21,-0.09573958831976818
2010-09-22,-4.695735505510304
2010-09-23,0.3016591251885305
2010-09-24,2.2556390977443574
2010-09-27,3.137254901960787
2010-09-28,0.7129277566540025
2010-09-29,3.8225578102878655
2010-09-30,-5.954545454545449
2010-10-01,-1.256645722571298
2010-10-04,3.524229074889863
2010-10-05,-0.4255319148936164
2010-10-06,-2.326685660018986
2010-10-07,-0.6806028196402555
2010-10-08,0.0489476260401447
2010-10-11,-1.1741682974559784
2010-10-12,2.1782178217821846
2010-10-13,1.744186046511625
2010-10-14,-0.5238095238095211
2010-10-15,-1.771182383915754
2010-10-18,-1.5594541910331399
2010-10-19,-0.1980198019801938
2010-10-20,2.2321428571428537
2010-10-21,0.3396409509946642
2010-10-22,1.257253384912967
2010-10-25,-0.668576886341932
2010-10-26,2.1634615384615348
2010-10-27,0.6588235294117675
2010-10-28,-1.168770453482936
2010-10-29,3.7842951750236553
2010-11-01,-1.1850501367365613
2010-11-02,-1.8450184501844953
2010-11-03,6.203007518796993
2010-11-04,10.044247787610617
2010-11-05,-1.4877362283876194
2010-11-08,2.0408163265306123
2010-11-09,-2.0799999999999983
2010-11-10,16.83006535947713
2010-11-11,-1.2237762237762286
2010-11-12,6.973451327433625
2010-11-15,2.5810721376571846
2010-11-16,-2.580645161290325
2010-11-17,1.556291390728485
2010-11-18,-1.6628627323117102
2010-11-19,4.675066312997348
2010-11-22,5.448210326259103
2010-11-23,5.947732051667179
2010-11-24,0.9356393535582599
2010-11-26,-0.5337078651685528
2010-11-29,-4.716181869528367
2010-11-30,6.312981624184929
2010-12-01,-5.185391692221911
2010-12-02,-5.880623346074684
2010-12-03,-2.0618556701030823
2010-12-06,-2.743221690590121
2010-12-07,6.526730075434564
2010-12-08,0.09236453201970794
2010-12-09,-1.41494924638573
2010-12-10,-1.2792511700467915
2010-12-13,-4.266750948166882
2010-12-14,-5.348299768900619
2010-12-15,4.638995465643523
2010-12-16,4.466666666666666
2010-12-17,0.9572431397575007
2010-12-20,0.505689001264223
2010-12-21,1.4150943396226392
2010-12-22,-3.0697674418604604
2010-12-23,-10.364683301343575
2010-12-27,-7.744468236973584
2010-12-28,4.564796905222436
2010-12-29,2.4787273399925938
2010-12-30,-3.3212996389891627
2010-12-31,0.22404779686332607
2011-01-03,-0.6706408345752597
2011-01-04,-0.6751687921980485
2011-01-05,1.2462235649546765
2011-01-06,4.438642297650135
2011-01-07,0.5357142857142806
2011-01-10,1.5630550621669674
2011-01-11,-5.526407834907304
2011-01-12,-0.18511662347279045
2011-01-13,-3.078635014836802
2011-01-14,-2.487562189054721
2011-01-18,-0.11773940345369363
2011-01-19,-5.5795677799607
2011-01-20,-3.2875572201415006
2011-01-21,1.2478485370051753
2011-01-24,4.759881002974915
2011-01-25,0.24340770791075975
2011-01-26,0.12140833670577734
2011-01-27,0.2829426030719494
2011-01-28,-3.0632809351068038
2011-01-31,1.0810810810810727
2011-02-01,-0.6170300287947289
2011-02-02,-1.4072847682119198
2011-02-03,-0.6297229219143518
2011-02-04,-1.7321504013519229
2011-02-07,2.23559759243336
2011-02-08,1.471825063078208
2011-02-09,-3.605470368835464
2011-02-10,-0.042992261392955984
2011-02-11,1.677419354838712
2011-02-14,-2.6649746192893358
2011-02-15,0.3911342894393735
2011-02-16,0.995670995670982
2011-02-18,-2.05743677668237
2011-02-22,-2.9321663019693727
2011-02-23,-1.8034265103696963
2011-02-24,4.407713498622577
2011-02-25,4.3535620052770545
2011-02-28,1.3485040033712612
2011-03-01,-0.9563409563409582
2011-03-02,2.7707808564231744
2011-03-03,-0.08169934640522701
2011-03-04,1.7579721995094018
2011-03-07,-1.1651265568501372
2011-03-08,0.24390243902438505
2011-03-09,-0.9326845093268468
2011-03-10,-2.374130167826436
2011-03-11,-0.12578616352201735
2011-03-14,-6.968933669185559
2011-03-15,3.158844765342957
2011-03-16,1.6622922134733116
2011-03-17,-0.21514629948363667
2011-03-18,-0.7761966364812406
2011-03-21,-1.1734028683181361
2011-03-22,-2.7704485488126607
2011-03-23,0.13568521031208114
2011-03-24,1.4001806684733455
2011-03-25,1.1135857461024499
2011-03-28,2.6872246696035216
2011-03-29,3.432003432003435
2011-03-30,9.912899211945254
2011-03-31,4.52830188679245
2011-04-01,-3.3212996389891627
2011-04-04,-3.2860343539955283
2011-04-05,4.247104247104253
2011-04-06,-0.5555555555555503
2011-04-07,2.718808193668517
2011-04-08,-4.0246555474981855
2011-04-11,-5.251227805062337
2011-04-12,0.19936204146730746
2011-04-13,-1.1539992041384766
2011-04-14,3.2608695652173862
2011-04-15,-2.0272904483430785
2011-04-18,0.5173099880620874
2011-04-19,1.7418844022169346
2011-04-20,0.5447470817120645
2011-04-21,3.3281733746130007
2011-04-25,-0.14981273408239382
2011-04-26,1.0127531882970726
2011-04-27,0.519866320089122
2011-04-28,2.2903583302548984
2011-04-29,-0.32502708559046534
2011-05-02,-0.797101449275371
2011-05-03,-2.1913805697589406
2011-05-04,1.7550410754294206
2011-05-05,-0.9541284403669782
2011-05-06,0.03705075954057638
2011-05-09,4.592592592592587
2011-05-10,-0.141643059490082
2011-05-11,-4.007092198581557
2011-05-12,3.435537495382341
2011-05-13,-0.0357142857142913
2011-05-16,-3.536977491961409
2011-05-17,-3.3333333333333277
2011-05-18,3.44827586206896
2011-05-19,4.62962962962963
2011-05-20,-2.513274336283189
2011-05-23,-1.8881626724763967
2011-05-24,-0.44411547002220947
2011-05-25,7.137546468401494
2011-05-26,2.498265093684937
2011-05-27,0.5077860528097567
2011-05-31,1.044122600202084
2011-06-01,-4.9333333333333345
2011-06-02,5.014025245441794
2011-06-03,0.5008347245409086
2011-06-06,-3.853820598006645
2011-06-07,-1.83137525915688
2011-06-08,-3.449489616332279
2011-06-09,0.32810791104629916
2011-06-10,1.9985465116279095
2011-06-13,1.6743854649091516
2011-06-14,-0.3503854239663555
2011-06-15,-2.707454289732769
2011-06-16,-2.8912179255511408
2011-06-17,-2.15854112393004
2011-06-20,-0.1901863826550046
2011-06-21,4.916158536585376
2011-06-22,-1.1986923356338606
2011-06-23,1.8014705882353015
2011-06-24,0.1444564824846484
2011-06-27,0.21637216011539387
2011-06-28,2.5548758546239685
2011-06-29,0.3508771929824611
2011-06-30,1.6433566433566391
2011-07-01,0.4127966976264224
2011-07-05,-0.17129153819801546
2011-07-06,0.0
2011-07-07,2.5737817433081673
2011-07-08,-4.984944797591174
2011-07-11,-0.1056338028168929
2011-07-12,0.24673951357067425
2011-07-13,1.828410689170181
2011-07-14,-4.04005524861879
2011-07-15,-1.6192875134940603
2011-07-18,0.8778346744696358
2011-07-19,1.522842639593915
2011-07-20,3.250000000000001
2011-07-21,-0.7263922518159837
2011-07-22,1.0801393728223077
2011-07-25,-2.412961047914522
2011-07-26,0.67114093959732
2011-07-27,-3.1578947368421004
2011-07-28,0.47101449275361956
2011-07-29,3.389830508474581
2011-08-01,0.06975933031042754
2011-08-02,-4.147786685256191
2011-08-03,-3.5999999999999943
2011-08-04,-5.7336854017352055
2011-08-05,-7.322929171668662
2011-08-08,5.354058721934363
2011-08-09,4.0983606557377055
2011-08-10,-5.354330708661415
2011-08-11,6.48918469217971
2011-08-12,3.9843749999999982
2011-08-15,-1.840721262208873
2011-08-16,0.9950248756218966
2011-08-17,-5.267146646456993
2011-08-18,-4.799999999999997
2011-08-19,-2.8991596638655515
2011-08-22,-5.10601471224578
2011-08-23,5.335157318741458
2011-08-24,3.3333333333333313
2011-08-25,-4.859656472559699
2011-08-26,6.649053280493165
2011-08-29,1.1560693641618545
2011-08-30,1.2244897959183703
2011-08-31,-0.5645161290322603
2011-09-01,-3.6496350364963446
2011-09-02,-5.30303030303031
2011-09-06,4.088888888888897
2011-09-07,0.6831767719897378
2011-09-08,-0.8905852417302684
2011-09-09,-2.053915275994867
2011-09-12,0.5242463958060332
2011-09-13,5.780095610604078
2011-09-14,0.9860312243220971
2011-09-15,-0.36615134255492215
2011-09-16,1.7966516945692173
2011-09-19,3.369434416365824
2011-09-20,0.6984866123399291
2011-09-21,-1.1946050096339065
2011-09-22,-0.8580343213728504
2011-09-23,4.2486231313925975
2011-09-26,-1.8867924528301887
2011-09-27,0.0
2011-09-28,-1.0769230769230813
2011-09-29,-3.5769828926905065
2011-09-30,0.6048387096774136
2011-10-03,-6.653306613226453
2011-10-04,3.177329325890949
2011-10-05,6.034124011652098
2011-10-06,5.965463108320249
2011-10-07,1.2962962962963016
2011-10-10,0.585009140767825
2011-10-11,-0.9451108687749966
2011-10-12,1.7614678899082585
2011-10-13,1.009736747205197
2011-10-14,-0.5355230274901897
2011-10-17,-2.010050251256277
2011-10-18,2.783882783882776
2011-10-19,-2.209550962223797
2011-10-20,-0.14577259475219642
2011-10-21,1.7153284671532936
2011-10-24,1.2917115177610314
2011-10-25,0.07084661707403321
2011-10-26,0.3185840707964597
2011-10-27,0.38814396612561547
2011-10-28,3.690685413005275
2011-10-31,-3.728813559322039
2011-11-01,2.1126760563380333
2011-11-02,3.4482758620689653
2011-11-03,4.86666666666667
2011-11-04,0.5721551176096622
2011-11-07,-0.8533501896333741
2011-11-08,-1.5938795027095953
2011-11-09,0.2267573696145134
2011-11-10,3.1027795733678
2011-11-11,3.44827586206897
2011-11-14,-0.24242424242423727
2011-11-15,1.7010935601457933
2011-11-16,3.046594982078863
2011-11-17,-2.492753623188404
2011-11-18,-4.013079667063025
2011-11-21,-1.6413750387116681
2011-11-22,0.0
2011-11-23,0.31486146095717216
2011-11-25,0.4394224733207802
2011-11-28,1.5625
2011-11-29,0.6769230769230734
2011-11-30,-0.4584352078239566
2011-12-01,0.7982806263432545
2011-12-02,2.1321961620469168
2011-12-05,1.9982105577095188
2011-12-06,1.257309941520467
2011-12-07,-10.944267975743582
2011-12-08,-0.9727626459143992
2011-12-09,-0.3274394237066073
2011-12-12,0.4270696452036761
2011-12-13,-3.500163559044816
2011-12-14,-2.1694915254237306
2011-12-15,-0.3811503811503792
2011-12-16,-2.226086956521741
2011-12-19,-0.21344717182496878
2011-12-20,-0.4991087344028541
2011-12-21,-1.1107130060910022
2011-12-22,1.4492753623188355
2011-12-23,-1.2142857142857137
2011-12-27,4.808387563268251
2011-12-28,-1.379786133149357
2011-12-29,-0.3497726477789486
2011-12-30,1.5795015795015896
2012-01-03,-2.5224602626123027
2012-01-04,-1.5951790145338505
2012-01-05,-1.83717579250721
2012-01-06,-0.9174311926605505
2012-01-09,1.6296296296296344
2012-01-10,0.6559766763848386
2012-01-11,2.353367125271537
2012-01-12,0.636717368234877
2012-01-13,-6.291739894551843
2012-01-17,0.11252813203301251
2012-01-18,1.2364181341326275
2012-01-19,-0.3700962250184969
2012-01-20,-0.40861812778604373
2012-01-23,-0.671391271913464
2012-01-24,2.4033045437476552
2012-01-25,2.6769343601026785
2012-01-26,1.7857142857142856
2012-01-27,3.4385964912280715
2012-01-30,1.356852103120755
2012-01-31,-2.5100401606425704
2012-02-01,2.0254033642293163
2012-02-02,2.321668909825038
2012-02-03,2.2689904636632727
2012-02-06,2.250803858520898
2012-02-07,-0.5974842767295638
2012-02-08,1.2337867763366042
2012-02-09,0.8124999999999938
2012-02-10,-2.2008679479231166
2012-02-13,0.2852614896988902
2012-02-14,4.614412136536033
2012-02-15,1.2084592145015063
2012-02-16,1.462686567164185
2012-02-17,2.588996763754032
2012-02-21,-1.0610840263837038
2012-02-22,-1.4782608695652117
2012-02-23,1.4710208884966165
2012-02-24,-3.131342418092216
2012-02-27,0.8380724334031762
2012-02-28,0.35618878005344184
2012-02-29,-0.88731144631767
2012-03-01,2.2381378692927485
2012-03-02,-0.2918855808523101
2012-03-05,-2.663934426229498
2012-03-06,-0.4210526315789491
2012-03-07,0.0
2012-03-08,0.2718212020537705
2012-03-09,4.4879518072289
2012-03-12,5.217641971749791
2012-03-13,-1.36986301369863
2012-03-14,-1.999999999999997
2012-03-15,-0.8219954648526052
2012-03-16,0.7716490425835839
2012-03-19,-0.7941009642654598
2012-03-20,-0.11435105774728173
2012-03-21,0.08586147681740451
2012-03-22,-1.5441807263368577
2012-03-23,3.398199244844617
2012-03-26,4.382022471910099
2012-03-27,1.6953713670613633
2012-03-28,1.0584810796506976
2012-03-29,-1.178318931657491
2012-03-30,-1.0863804981452139
2012-04-02,-1.6340744709349035
2012-04-03,-3.9488017429193785
2012-04-04,-0.4819960306209291
2012-04-05,-2.849002849002849
2012-04-09,-2.7859237536656973
2012-04-10,0.27149321266969356
2012-04-11,1.5944645006016882
2012-04-12,0.5034053893988587
2012-04-13,-1.0606953447259855
2012-04-16,-3.424657534246571
2012-04-17,-1.0484119642306393
2012-04-18,2.0567154876908584
2012-04-19,1.1908396946564903
2012-04-20,-0.8449004224502146
2012-04-23,-3.164942178940959
2012-04-24,0.785669390320553
2012-04-25,2.7751792952915513
2012-04-26,1.9417475728155356
2012-04-27,-0.9821428571428521
2012-04-30,-0.42079951908626556
2012-05-01,1.1168125565952232
2012-05-02,1.2238805970149151
2012-05-03,-4.68888233559421
2012-05-04,-1.1138613861386122
2012-05-07,1.6896120150187706
2012-05-08,-6.769230769230767
2012-05-09,8.811881188118805
2012-05-10,-1.4558689717925293
2012-05-11,-1.7543859649122813
2012-05-14,-5.200501253132832
2012-05-15,-2.247191011235966
2012-05-16,-0.9465855307640216
2012-05-17,-3.174061433447098
2012-05-18,-2.7846316531547504
2012-05-21,9.137055837563464
2012-05-22,1.5282392026577984
2012-05-23,2.2578534031413655
2012-05-24,-3.4879999999999995
2012-05-25,-0.4973474801060961
2012-05-29,3.5654781739420085
2012-05-30,-3.2496782496782437
2012-05-31,-5.121383438643163
2012-06-01,-1.752541184717841
2012-06-04,-0.6778451658936898
2012-06-05,1.2931034482758599
2012-06-06,5.709219858156026
2012-06-07,-3.1868500503186827
2012-06-08,5.024255024255022
2012-06-11,-3.5631804684922415
2012-06-12,1.094765651727678
2012-06-13,2.1319796954314687
2012-06-14,-2.617627567925776
2012-06-15,1.8713848247703324
2012-06-18,6.947227788911162
2012-06-19,4.622111180512169
2012-06-20,2.2686567164179046
2012-06-21,-4.845300642148268
2012-06-22,4.141104294478532
2012-06-25,-5.59646539027984
2012-06-26,-0.46801872074882556
2012-06-27,0.0
2012-06-28,2.8213166144200583
2012-06-29,-4.42073170731706
2012-07-02,-2.3923444976076556
2012-07-03,0.6862745098039127
2012-07-05,0.584225900681596
2012-07-06,-0.1613423685059605
2012-07-09,1.9392372333548735
2012-07-10,0.09511731135066943
2012-07-11,-0.8869179600886954
2012-07-12,5.369127516778523
2012-07-13,4.094631483166519
2012-07-16,1.9813519813519804
2012-07-17,-10.228571428571424
2012-07-18,4.137492043284523
2012-07-19,-1.9865525672371593
2012-07-20,-3.1805425631431232
2012-07-23,-1.256038647342997
2012-07-24,-2.4135681669928197
2012-07-25,-0.06684491978610671
2012-07-26,-3.979933110367886
2012-07-27,2.7864855451062374
2012-07-30,-6.675703151474084
2012-07-31,1.6339869281045725
2012-08-01,-4.108610217934972
2012-08-02,0.2235469448584155
2012-08-03,2.416356877323428
2012-08-06,4.4283121597096144
2012-08-07,3.92770246784845
2012-08-08,-1.2709030100334415
2012-08-09,-0.7113821138211411
2012-08-10,1.296485841009903
2012-08-13,3.570225665207136
2012-08-14,-4.422764227642275
2012-08-15,0.4763525008506314
2012-08-16,2.573653911276661
2012-08-17,-0.4621987454605499
2012-08-20,-1.890547263681593
2012-08-21,-1.9269776876267641
2012-08-22,3.412616339193376
2012-08-23,0.19999999999999576
2012-08-24,-1.6300731869594094
2012-08-27,-3.9567128846804254
2012-08-28,0.31690140845070375
2012-08-29,0.3861003861003966
2012-08-30,0.03496503496502801
2012-08-31,-0.3145753233135263
2012-09-04,-1.788218793828885
2012-09-05,-0.03570153516601772
2012-09-06,1.9642857142857166
2012-09-07,2.2767075306479807
2012-09-10,-4.931506849315061
2012-09-11,0.5043227665705944
2012-09-12,2.401433691756279
2012-09-13,5.005250262513124
2012-09-14,7.833333333333338
2012-09-17,-1.4528593508500847
2012-09-18,-2.791718946047681
2012-09-19,-0.1936108422071595
2012-09-20,0.5496281926931836
2012-09-21,-5.112540192926044
2012-09-24,-3.015926804473062
2012-09-25,-3.3542976939203384
2012-09-26,0.5784526391901668
2012-09-27,3.2710280373831777
2012-09-28,2.6801253045596924
2012-10-01,-0.5423728813559326
2012-10-02,1.3974096796182691
2012-10-03,0.8403361344537815
2012-10-04,-1.0000000000000024
2012-10-05,-2.828282828282828
2012-10-08,0.9009009009009062
2012-10-09,-2.506868131868133
2012-10-10,1.9373018668545288
2012-10-11,-2.142363510711821
2012-10-12,-1.0593220338983076
2012-10-15,-1.2491077801570232
2012-10-16,2.096132996024569
2012-10-17,2.619469026548667
2012-10-18,-4.001379786133151
2012-10-19,0.5749191519942514
2012-10-22,-2.179349767774203
2012-10-23,4.163623082542004
2012-10-24,-2.524544179523138
2012-10-25,-0.9712230215827322
2012-10-26,0.6175081729022817
2012-10-31,1.985559566787006
2012-11-01,3.610619469026547
2012-11-02,1.810727707550397
2012-11-05,2.7181208053691233
2012-11-06,1.27409343351846
2012-11-07,0.06451612903225669
2012-11-08,-1.353965183752412
2012-11-09,-1.0130718954248439
2012-11-12,3.3014196104324864
2012-11-13,2.1412591882390597
2012-11-14,-2.0650813516896123
2012-11-15,-0.9265175718849814
2012-11-16,3.418252176717184
2012-11-19,2.5880885562831253
2012-11-20,-0.881458966565347
2012-11-21,-0.030665440049058603
2012-11-23,-1.5030674846625827
2012-11-26,-0.031142946122697013
2012-11-27,0.14953271028037948
2012-11-28,4.01891252955081
2012-11-29,0.5681818181818327
2012-11-30,0.7731192387748974
2012-12-03,1.1802891708468533
2012-12-04,-1.370662000583257
2012-12-05,0.0
2012-12-06,1.419278533412173
2012-12-07,0.3790087463556926
2012-12-10,0.49375544583212816
2012-12-11,1.7630057803468193
2012-12-12,0.14200511218403056
2012-12-13,-4.197390811117405
2012-12-14,-0.0296033155713381
2012-12-17,1.4509920047379177
2012-12-18,1.7221249270286147
2012-12-19,-0.9756097560975707
2012-12-20,-1.6806722689075582
2012-12-21,-0.8547008547008522
2012-12-24,0.9512485136741982
2012-12-26,-1.3545347467608977
2012-12-27,-0.35820895522387297
2012-12-28,-1.1384062312762209
2012-12-31,5.272727272727279
2013-01-02,1.2665515256188764
2013-01-03,-1.0801591813530487
2013-01-04,-0.5459770114942464
2013-01-07,-0.31782721756717547
2013-01-08,-1.4202898550724696
2013-01-09,-0.41164363422522954
2013-01-10,0.5019191024505513
2013-01-11,-2.8202115158636922
2013-01-14,0.09068923821040246
2013-01-15,2.2349743279975898
2013-01-16,0.9158050221565588
2013-01-17,1.0538641686182861
2013-01-18,0.11587485515642858
2013-01-22,1.4178240740740593
2013-01-23,2.7104136947218342
2013-01-24,2.7777777777777777
2013-01-25,-0.37837837837837995
2013-01-28,3.36408030385242
2013-01-29,-0.6561679790026247
2013-01-30,0.052840158520465044
2013-01-31,0.7921837866385114
2013-02-01,0.6549646319098769
2013-02-04,-1.093180635085897
2013-02-05,0.47368421052631504
2013-02-06,2.645364064955469
2013-02-07,0.6634345496300207
2013-02-08,-3.726235741444882
2013-02-11,1.2374934175882202
2013-02-12,-0.9882964889466905
2013-02-13,1.4972419227738385
2013-02-14,-0.36231884057971164
2013-02-15,-2.9610389610389625
2013-02-19,5.192719486081365
2013-02-20,-7.150127226463092
2013-02-21,-2.11016716908743
2013-02-22,1.2038073908174685
2013-02-25,-4.674965421853383
2013-02-26,-0.1450957632037268
2013-02-27,4.3010752688172165
2013-02-28,-2.4797993870158836
2013-03-01,-0.6571428571428483
2013-03-04,3.5375323554788523
2013-03-05,2.80555555555555
2013-03-06,1.9454201567143985
2013-03-07,0.874635568513134
2013-03-08,2.1282186022070286
2013-03-11,0.0771803447388761
2013-03-12,0.25706940874036355
2013-03-13,-0.25641025641026005
2013-03-14,-5.809768637532129
2013-03-15,-3.6572052401746817
2013-03-18,-0.14164305949007694
2013-03-19,0.028368794326235493
2013-03-20,1.9568916619398893
2013-03-21,0.6954102920723226
2013-03-22,2.486187845303863
2013-03-25,2.3719676549865105
2013-03-26,-0.10531858873090877
2013-03-27,0.7643647865050057
2013-03-28,10.803034266283031
2013-04-01,2.9272898961284275
2013-04-02,-1.0321100917431258
2013-04-03,-4.727694090382386
2013-04-04,2.164923376307469
2013-04-05,-0.07142857142857414
2013-04-08,-0.4050512270669567
2013-04-09,-2.48803827751196
2013-04-10,3.189401373895987
2013-04-11,2.8292914883499707
2013-04-12,0.5780346820809248
2013-04-15,1.586206896551719
2013-04-16,2.851323828920582
2013-04-17,0.8580858085808594
2013-04-18,3.5340314136125595
2013-04-19,2.402022756005058
2013-04-22,4.938271604938269
2013-04-23,-0.1960784313725518
2013-04-24,-0.7858546168958714
2013-04-25,5.207920792079213
2013-04-26,-2.992659514398651
2013-04-29,8.653473030655803
2013-04-30,-0.017857142857139303
2013-05-01,-3.822111091266298
2013-05-02,4.865366759517173
2013-05-03,-0.14166814237648007
2013-05-06,9.948572441922325
2013-05-07,-7.258064516129033
2013-05-08,21.94782608695653
2013-05-09,-0.6702795208214473
2013-05-10,16.281407035175864
2013-05-13,16.335350043215218
2013-05-14,-13.181914667798772
2013-05-15,15.770171149144263
2013-05-16,-2.3231256599788837
2013-05-17,-1.4918918918918869
2013-05-20,-2.8753292361720857
2013-05-21,-2.406779661016944
2013-05-22,-1.8061827023271995
2013-05-23,9.18523758990684
2013-05-24,9.665226781857456
2013-05-28,11.816838995568686
2013-05-29,-9.766622633201235
2013-05-30,3.7087643958618113
2013-05-31,-8.130999435347261
2013-06-03,-4.988731817250567
2013-06-04,0.9811320754716943
2013-06-05,1.6976297245355578
2013-06-06,2.8871391076115485
2013-06-07,0.9489795918367417
2013-06-10,-0.758111796219549
2013-06-11,-1.4055815848441735
2013-06-12,2.2727272727272756
2013-06-13,1.0101010101010102
2013-06-14,3.5999999999999943
2013-06-17,-1.7857142857142805
2013-06-18,0.3046683046683069
2013-06-19,2.537722908093282
2013-06-20,-0.9077878643096062
2013-06-21,-6.943105110896821
2013-06-24,6.839378238341963
2013-06-25,0.6789524733268699
2013-06-26,2.84200385356455
2013-06-27,1.704918032786879
2013-06-28,0.7276411531730739
2013-07-01,8.074250182882222
2013-07-02,-0.16075810136221147
2013-07-03,0.2711864406779603
2013-07-05,2.5777552400270554
2013-07-08,2.6942407514212707
2013-07-09,-1.1633504492939688
2013-07-10,1.3718645993993
2013-07-11,0.4964766175528544
2013-07-12,6.000000000000001
2013-07-15,-5.074043448846125
2013-07-16,-15.647766867279067
2013-07-17,13.565527600450622
2013-07-18,-2.0418285525336852
2013-07-19,1.1729957805907176
2013-07-22,3.4281424639252642
2013-07-23,0.37903225806451524
2013-07-24,-3.2698642243110734
2013-07-25,6.428571428571413
2013-07-26,0.9208678008428336
2013-07-29,4.237550262913717
2013-07-30,-1.6543026706231585
2013-07-31,1.8329938900203717
2013-08-01,-0.30370370370370114
2013-08-02,4.027045099933121
2013-08-05,3.514034711806311
2013-08-06,-2.09756434140621
2013-08-07,8.781450419338931
2013-08-08,-1.2633624878522765
2013-08-09,-1.9488188976377945
2013-08-12,0.04684467643712319
2013-08-13,-4.535117056856188
2013-08-14,-4.4072309417040305
2013-08-15,3.8114784138385898
2013-08-16,1.2709171785638718
2013-08-19,3.6394059820121303
2013-08-20,0.908173562058523
2013-08-21,-0.5
2013-08-22,5.192629815745393
2013-08-23,5.16560509554141
2013-08-26,-1.7018957058930422
2013-08-27,4.232902033271705
2013-08-28,-2.9319619317845835
2013-08-29,1.3153888313744575
2013-08-30,4.183446534832005
2013-09-03,-2.053885651647148
2013-09-04,0.19438063262059496
2013-09-05,-0.8994708994709002
2013-09-06,-3.2330782464258108
2013-09-09,-1.0299166257969634
2013-09-10,3.0785431119920705
2013-09-11,-1.4482302746229172
2013-09-12,-0.7499999999999938
2013-09-13,3.2131228113288626
2013-09-16,-1.7380952380952306
2013-09-17,1.21759147080203
2013-09-18,2.220360284876419
2013-09-19,4.742388758782198
2013-09-20,3.1190609278926686
2013-09-23,-2.8946227233304445
2013-09-24,2.467343976777948
2013-09-25,1.7106123338417882
2013-09-26,0.4392072844135092
2013-09-27,0.7892491467576738
2013-09-30,2.624338624338628
2013-10-01,-2.7686120849659748
2013-10-02,-7.184898456970153
2013-10-03,0.7769652650822747
2013-10-04,3.3900226757369554
2013-10-07,1.1075775852615475
2013-10-08,-5.2440347071583595
2013-10-09,-0.9385909689234742
2013-10-10,-0.5950661505575141
2013-10-11,1.7087062652563045
2013-10-14,5.874285714285715
2013-10-15,-0.20509499136441897
2013-10-16,-0.735532720389407
2013-10-17,0.3323526206821476
2013-10-18,-0.4724409448818922
2013-10-21,-6.972937581841991
2013-10-22,-0.9325513196480959
2013-10-23,-2.314842223669408
2013-10-24,5.5818181818181865
2013-10-25,-2.2386774582400584
2013-10-28,-4.433092595854625
2013-10-29,1.1489309412632125
2013-10-30,-5.442507440928146
2013-10-31,4.708678615018959
2013-11-01,1.2269938650306749
2013-11-04,8.999999999999996
2013-11-05,-13.922713372254652
2013-11-06,-6.860021962405533
2013-11-07,-5.34711145016992
2013-11-08,3.31184056271982
2013-11-11,2.617021276595743
2013-11-12,-2.660861151427185
2013-11-13,-1.3632490769667822
2013-11-14,-1.4900662251655583
2013-11-15,-1.1545487760321405
2013-11-18,-11.865158571745406
2013-11-19,5.754068109377621
2013-11-20,-2.5301395939086277
2013-11-21,-1.065993978354628
2013-11-22,2.401710807698636
2013-11-25,-4.11244979919679
2013-11-26,1.616686212095834
2013-11-27,6.9738686011046145
2013-11-29,-2.635431918008797
2013-12-02,5.009893153937486
2013-12-03,8.772987639433213
2013-12-04,-2.896341463414639
2013-12-05,0.9775938347366953
2013-12-06,-3.187053918450987
2013-12-09,2.226277372262782
2013-12-10,1.3066761870760328
2013-12-11,-1.4660276289822274
2013-12-12,5.901287553648068
2013-12-13,0.3039513677811473
2013-12-16,-1.0774410774410736
2013-12-17,3.635125936010894
2013-12-18,-3.5076195480819776
2013-12-19,-3.621511232130696
2013-12-20,2.3096482554032924
2013-12-23,3.555402140144982
2013-12-24,3.359999999999995
2013-12-26,0.1676986584107452
2013-12-27,-2.6915647134578276
2013-12-30,0.7940709370036981
2013-12-31,-1.6544117647058705
2014-01-02,0.1335113484646119
2014-01-03,0.0
2014-01-06,-1.5866666666666636
2014-01-07,0.8332204308359231
2014-01-08,2.4521330198186133
2014-01-09,-2.6491803278688475
2014-01-10,-1.8052000538865731
2014-01-13,-3.6150363561531145
2014-01-14,19.884705714895738
2014-01-15,-3.5322054021964906
2014-01-16,4.732307692307691
2014-01-17,0.6169575180680483
2014-01-21,3.836720392431671
2014-01-22,-0.326190877903387
2014-01-23,0.43446369124866574
2014-01-24,-1.5955056179775302
2014-01-27,-2.089518154829868
2014-01-28,2.215743440233243
2014-01-29,1.5402167712492805
2014-01-30,0.47752808988763723
2014-01-31,2.258876153201002
2014-02-03,-1.164634479741919
2014-02-04,-1.3277273733126673
2014-02-05,-1.2390670553935903
2014-02-06,2.8952597218279843
2014-02-07,4.4634482758620715
2014-02-10,5.086088518009927
2014-02-11,-1.6032567723777442
2014-02-12,-1.246296863826743
2014-02-13,2.4619840695148394
2014-02-14,3.6042402826855198
2014-02-18,-0.7503410641200645
2014-02-19,5.552282768777615
2014-02-20,-1.7068973536114542
2014-02-21,-1.2207816788113999
2014-02-24,10.174362904771034
2014-02-25,12.426086956521733
2014-02-26,0.97842060484184
2014-02-27,-4.40810386427177
2014-02-28,-4.943910256410257
2014-03-03,8.943774761864633
2014-03-04,-0.6809037449705938
2014-03-05,-1.0049859769398726
2014-03-06,-0.27150389549067355
2014-03-07,-4.24146774511738
2014-03-10,-2.554594149155331
2014-03-11,-2.1141649048625792
2014-03-12,5.308855291576671
2014-03-13,-3.4866073259772756
2014-03-14,-0.14450252879425535
2014-03-17,0.8512449457331348
2014-03-18,1.8738130407258906
2014-03-19,-2.1666183354737107
2014-03-20,-0.059281842818422414
2014-03-21,-2.593000593170072
2014-03-24,-2.5054371465854803
2014-03-25,-0.9815294012670603
2014-03-26,-4.311976209786426
2014-03-27,0.24956443942176443
2014-03-28,1.6909347111319841
2014-03-31,-3.4642032332563506
2014-04-01,5.263157894736842
2014-04-02,4.681818181818187
2014-04-03,-1.654363873208859
2014-04-04,-9.13064594463332
2014-04-07,2.1233176230503887
2014-04-08,3.1306499191169395
2014-04-09,0.02768038383465689
2014-04-10,-7.416290010146659
2014-04-11,3.586729102321405
2014-04-14,-4.256035394825427
2014-04-15,-1.1251192927821634
2014-04-16,1.4020828041656181
2014-04-17,-1.2674715695606436
2014-04-21,4.652932819159726
2014-04-22,4.848484848484849
2014-04-23,-2.5156069364161837
2014-04-24,-4.179118637635787
2014-04-25,-0.9900990099009901
2014-04-28,-0.894999999999996
2014-04-29,2.8151960042379214
2014-04-30,1.663477108788466
2014-05-01,0.6419538565498523
2014-05-02,0.4652055057311395
2014-05-05,3.3988924957036497
2014-05-06,-3.2132963988919703
2014-05-07,-13.1845067735165
2014-05-08,-1.1758241758241683
2014-05-09,2.2295118425441958
2014-05-12,-0.05982487627128604
2014-05-13,2.824336090552894
2014-05-14,0.5451177560201118
2014-05-15,-0.5421623328771455
2014-05-16,0.936755755490876
2014-05-19,3.2560822147651045
2014-05-20,-0.38084598588330876
2014-05-21,2.1255989397492034
2014-05-22,2.0214624407287305
2014-05-23,2.015655577299415
2014-05-27,0.7097640514099317
2014-05-28,0.2714285714285682
2014-05-29,0.014247043738424815
2014-05-30,-1.5527065527065442
2014-06-02,-1.8521198090001463
2014-06-03,0.4226251904270407
2014-06-04,0.05872277954490068
2014-06-05,2.5822859099134354
2014-06-06,-0.8581644815256312
2014-06-09,-1.6927145948545237
2014-06-10,-1.4332534363840956
2014-06-11,1.786600496277913
2014-06-12,-0.29254022428083587
2014-06-13,1.105134474327624
2014-06-16,8.338169858773462
2014-06-17,3.3482142857142856
2014-06-18,-1.1317494600431985
2014-06-19,-0.15728766165675692
2014-06-20,0.4332224750568793
2014-06-23,3.9867543897869404
2014-06-24,-2.350624319115053
2014-06-25,1.7678609740398952
2014-06-26,-1.045663448159544
2014-06-27,2.0708168221909813
2014-06-30,1.2147777082028788
2014-07-01,-0.7423904974016379
2014-07-02,-3.831131056261946
2014-07-03,-1.702385067404078
2014-07-07,-3.890109890109888
2014-07-08,1.198262062657217
2014-07-09,-1.8484204817643617
2014-07-10,1.5793351137305491
2014-07-11,-0.2810389374915029
2014-07-14,3.113777898995406
2014-07-15,-2.168929642038448
2014-07-16,-2.595529920692137
2014-07-17,-0.0971502590673612
2014-07-18,0.6019912016670579
2014-07-21,2.2738780207134623
2014-07-22,-0.9811422656285191
2014-07-23,1.4726603336212032
2014-07-24,-0.23740201567749214
2014-07-25,0.6869612068965523
2014-07-28,1.0523968784838411
2014-07-29,-2.140240942588598
2014-07-30,3.382034632034632
2014-07-31,-1.4132426066474661
2014-08-01,3.698787717901064
2014-08-04,1.2501066643911625
2014-08-05,0.670009691964099
2014-08-06,4.6965257429886975
2014-08-07,0.4158004158004126
2014-08-08,1.5846472368211457
2014-08-11,1.1523085364897694
2014-08-12,1.522783632982024
2014-08-13,0.18319911453762003
2014-08-14,-0.38477656291667905
2014-08-15,0.676916016521333
2014-08-18,-1.663817663817662
2014-08-19,-1.6224359717232653
2014-08-20,0.7264302823261454
2014-08-21,-0.7718696397941642
2014-08-22,1.4339592991278407
2014-08-25,2.6298462372671367
2014-08-26,-0.5585327194505314
2014-08-27,-0.6110056925996257
2014-08-28,2.6003283821451766
2014-08-29,2.5307033866765956
2014-09-02,4.417422867513618
2014-09-03,-1.2410053185942203
2014-09-04,-0.5631819781767063
2014-09-05,-1.5964601769911473
2014-09-08,1.798625849850714
2014-09-09,-1.2332591257641645
2014-09-10,0.34347048300535943
2014-09-11,0.110532696284676
2014-09-12,-2.2794458097374997
2014-09-15,-7.005139045814046
2014-09-16,2.923770331177742
2014-09-17,0.28940253608011535
2014-09-18,-2.0427535406462374
2014-09-19,-1.158959649598825
2014-09-22,-3.835294117647059
2014-09-23,2.4060027730201474
2014-09-24,0.5575023892959564
2014-09-25,-1.6909551718675788
2014-09-26,-1.7119838872104733
2014-09-29,1.1967213114754047
2014-09-30,-1.9115502996922076
2014-10-01,3.3030553261767133
2014-10-02,1.159072741806557
2014-10-03,2.382457526669301
2014-10-06,-0.23154401265774813
2014-10-07,0.607279619386551
2014-10-08,0.8266051518646585
2014-10-09,-6.714966634890376
2014-10-10,-2.481196860693261
2014-10-13,-4.325774405834762
2014-10-14,-3.614457831325301
2014-10-15,-0.1272727272727278
2014-10-16,6.21700345894775
2014-10-17,-2.8537149712914545
2014-10-20,3.3345095271700784
2014-10-21,-0.46525525012805335
2014-10-22,0.6260988893177272
2014-10-23,0.6903899424675067
2014-10-24,-0.8549540779616582
2014-10-27,-1.9850586979722542
2014-10-28,5.0522648083623665
2014-10-29,-1.2686567164179114
2014-10-30,1.8350550096581864
2014-10-31,0.20205352356604225
2014-11-03,-1.0329218106995848
2014-11-04,0.21206702981412567
2014-11-05,-2.605809128630706
2014-11-06,3.1825153374233124
2014-11-07,-1.2717288079606854
2014-11-10,1.4386683952992336
2014-11-11,2.9560915275200936
2014-11-12,0.3604036520903435
2014-11-13,-0.2473864815258178
2014-11-14,2.9960000000000035
2014-11-17,-0.6330342925938853
2014-11-18,-2.1535214570468297
2014-11-19,-0.9386858398242439
2014-11-20,1.6975806451612934
2014-11-21,-2.779429840212529
2014-11-24,0.876835236541601
2014-11-25,0.40024257125530993
2014-11-26,-1.203994523636953
2014-11-28,-1.7077644181781122
2014-12-01,-2.8321446342676992
2014-12-02,-3.5377459138821408
2014-12-03,1.2741107768536521
2014-12-04,-0.10920845710291807
2014-12-05,-3.2623431145318493
2014-12-08,-5.302653587089199
2014-12-09,2.2197823181210645
2014-12-10,-1.6812216877597694
2014-12-11,-2.7122025364556155
2014-12-12,2.172639390684512
2014-12-15,-4.0712954556314855
2014-12-16,-3.8306351183063496
2014-12-17,10.00725163161711
2014-12-18,3.677370750541483
2014-12-19,-0.09083064626004297
2014-12-22,1.7364425655711593
2014-12-23,-1.8051025423350127
2014-12-24,0.7917368157619241
2014-12-26,2.4332987224053158
2014-12-29,-1.2825033054208888
2014-12-30,-0.40180365194875023
2014-12-31,-0.09861490878120888
2015-01-02,-3.75555256427514
2015-01-05,-2.0699300699300687
2015-01-06,1.5662191754736703
2015-01-07,-0.253105226154203
2015-01-08,-1.8279216202246202
2015-01-09,-2.80968791882059
2015-01-12,0.13297217434128628
2015-01-13,-8.60220342317528
2015-01-14,4.6601732766507
2015-01-15,-1.9486863077793306
2015-01-16,1.6622968012585295
2015-01-20,-2.2282973126321726
2015-01-21,3.9303613822210433
2015-01-22,1.604060913705582
2015-01-23,0.8343325339728296
2015-01-26,1.2783035227666768
2015-01-27,0.831661856073586
2015-01-28,-2.4452962010576975
2015-01-29,1.4373103894166284
2015-01-30,0.004902922141591932
2015-02-02,4.481051134970836
2015-02-03,2.430669607245074
2015-02-04,0.7283888405332373
2015-02-05,0.9641622703292725
2015-02-06,-2.981981981981984
2015-02-09,1.044665242826632
2015-02-10,-2.4904654689151253
2015-02-11,-8.783751943829232
2015-02-12,4.814795681148936
2015-02-13,1.3849869387352765
2015-02-17,-0.7438016528925626
2015-02-18,0.4065239751187797
2015-02-19,2.8195121951219515
2015-02-20,1.7743618939178332
2015-02-23,-3.3703151221331424
2015-02-24,-1.1336774567031667
2015-02-25,-0.45867083048697066
2015-02-26,1.377450980392158
2015-02-27,-1.9873313669551826
2015-03-02,-2.9057720769610196
2015-03-03,1.2397744017072292
2015-03-04,1.8067754077791691
2015-03-05,-1.7944293813162366
2015-03-06,-2.4195572511420216
2015-03-09,-3.0505684448788406
2015-03-10,1.4061339276239018
2015-03-11,1.3814033802522034
2015-03-12,-2.492903225806458
2015-03-13,1.630319712047434
2015-03-16,1.7864583333333368
2015-03-17,-0.24049531801668056
2015-03-18,3.610997127615917
2015-03-19,-2.252475247524758
2015-03-20,0.5216510508989624
2015-03-23,1.5618702136235503
2015-03-24,-1.5279293580712434
2015-03-25,-2.307304785894213
2015-03-26,-2.5010313531353106
2015-03-27,-1.703072935949648
2015-03-30,4.137745493677696
2015-03-31,-2.5007750335847905
2015-04-01,0.8108108108108114
2015-04-02,4.084529254060879
2015-04-06,2.0959595959595987
2015-04-07,3.170912688597574
2015-04-08,-0.06233218258534496
2015-04-09,0.6812838842776892
2015-04-10,0.41458184417441246
2015-04-13,-1.0203113135914985
2015-04-14,-0.5321954259960614
2015-04-15,0.115684951315907
2015-04-16,-1.3047664901299854
2015-04-17,0.8732133274793854
2015-04-20,-0.4739336492890946
2015-04-21,3.2555879494654945
2015-04-22,2.7152941176470637
2015-04-23,1.0216704082100105
2015-04-24,0.9342403628117925
2015-04-27,5.477174694464413
2015-04-28,-2.0021299254526044
2015-04-29,0.14779395783524232
2015-04-30,-0.1953209774729757
2015-05-01,-0.7654170653213842
2015-05-04,4.198439828205795
2015-05-05,-1.53936742934051
2015-05-06,-5.595899188381032
2015-05-07,6.782805429864258
2015-05-08,0.12712403067925884
2015-05-11,1.6166574971433498
2015-05-12,3.1235683644996044
2015-05-13,-1.1267719397439604
2015-05-14,-0.2287394820684594
2015-05-15,1.0644395316466155
2015-05-18,0.5995300980312687
2015-05-19,-0.4872352420069292
2015-05-20,-1.6590458463157018
2015-05-21,0.9957618401020398
2015-05-22,0.9085353432471046
2015-05-26,0.3351098191214406
2015-05-27,-0.5955494748702225
2015-05-28,1.607092256001295
2015-05-29,0.16334661354581537
2015-06-01,-0.9904140646752354
2015-06-02,-0.2892495580909525
2015-06-03,-0.2820306204673605
2015-06-04,-0.5414141414141428
2015-06-05,1.8687032824179373
2015-06-08,1.850374860424316
2015-06-09,-1.3703993735317148
2015-06-10,0.5398967844382633
2015-06-11,-1.0463555239674553
2015-06-12,-0.36311400183553133
2015-06-15,0.17220664797757584
2015-06-16,0.8155759005317204
2015-06-17,3.8981639370266143
2015-06-18,0.15267175572518216
2015-06-19,-0.09527439024390245
2015-06-22,-0.7018882319282759
2015-06-23,2.5623295301755658
2015-06-24,-0.19851674282718915
2015-06-25,0.9157440420341519
2015-06-26,-2.580981070326155
2015-06-29,1.087993891964124
2015-06-30,2.382930513595167
2015-07-01,3.2791117996385175
2015-07-02,-0.5535714285714326
2015-07-06,-1.2390016160890605
2015-07-07,-5.701818181818184
2015-07-08,-0.09254974548820341
2015-07-09,1.2119808553342766
2015-07-10,-0.007627183281228987
2015-07-13,-0.03813882532416701
2015-07-14,1.7703166730255575
2015-07-15,-0.9447401964459706
2015-07-16,3.1034743774127573
2015-07-17,0.9470670288525014
2015-07-20,-1.7999999999999956
2015-07-21,-3.251249768561389
2015-07-22,3.207409959046196
2015-07-23,-0.8418320044502066
2015-07-24,-1.8512977784426616
2015-07-27,-2.545440688945626
2015-07-28,3.331378299120227
2015-07-29,-0.597873387066252
2015-07-30,1.8691233012295958
2015-07-31,-0.4895366218236182
2015-08-03,-2.35833114273913
2015-08-04,1.3730241144571336
2015-08-05,-5.326656043705893
2015-08-06,-2.388394646148906
2015-08-07,-2.2292470646194293
2015-08-10,-0.41990342221289106
2015-08-11,-0.9065991988193152
2015-08-12,2.0680851063829846
2015-08-13,3.076794796964894
2015-08-14,3.3651512700210295
2015-08-17,-0.07043355767726045
2015-08-18,1.9382880413501404
2015-08-19,-3.1767372181461924
2015-08-20,-6.371498849480284
2015-08-21,-14.072033898305088
2015-08-24,13.758074855762123
2015-08-25,-1.1964107676969054
2015-08-26,1.3469047514587782
2015-08-27,4.701298701298707
2015-08-28,1.5546183742661006
2015-08-31,-2.1496620796352093
2015-09-01,2.0637430307065023
2015-09-02,2.7558092132083125
2015-09-03,-4.431484567166554
2015-09-04,1.726929303831635
2015-09-08,2.8565598857376044
2015-09-09,-1.9123189843285149
2015-09-10,0.16583747927031373
2015-09-11,1.3971894685834307
2015-09-14,0.6571087216248529
2015-09-15,0.11473788328387421
2015-09-16,4.315523237432812
2015-09-17,-2.2730716775268984
2015-09-18,2.3336951465343616
2015-09-21,-1.8751420562163972
2015-09-22,1.1272825541443139
2015-09-23,-0.923840427562518
2015-09-24,2.728008322737272
2015-09-25,-3.4732380630884028
2015-09-28,-2.6772877404313244
2015-09-29,0.6148686416992701
2015-09-30,-1.7817460317460354
2015-10-01,-4.811926790836733
2015-10-02,5.619694397283535
2015-10-05,-3.5524835235492698
2015-10-06,-1.4041666666666686
2015-10-07,-2.7680344842158573
2015-10-08,-3.9768776077885972
2015-10-09,0.932422034128458
2015-10-12,-4.3544553567424575
2015-10-13,3.4649287321830395
2015-10-14,-1.9214211265690764
2015-10-15,3.0541052534306634
2015-10-16,1.5512912482066032
2015-10-19,0.538631346578366
2015-10-20,-6.907605831723164
2015-10-21,-0.2028397565922953
2015-10-22,1.6260162601626005
2015-10-23,-1.68372093023256
2015-10-26,1.6368625224713824
2015-10-27,-1.6430832247253775
2015-10-28,0.2082248828735023
2015-10-29,-0.6375442739079076
2015-10-30,-0.7034220532319478
2015-11-02,2.3597549301167944
2015-11-03,6.149169978957216
2015-11-04,1.5770925110132215
2015-11-05,0.05204267499348431
2015-11-06,0.9926311226701432
2015-11-09,-4.0817202455041075
2015-11-10,-2.555038482190791
2015-11-11,0.03673600587775363
2015-11-12,-2.249254073904065
2015-11-13,-3.221413477342092
2015-11-16,4.420398854869225
2015-11-17,-0.32527881040891665
2015-11-18,2.815850815850812
2015-11-19,1.337625827514291
2015-11-20,-2.74732650230436
2015-11-23,-0.9109730848861236
2015-11-24,2.7719738125087052
2015-11-25,4.3914339929520185
2015-11-27,0.31593525491213964
2015-11-30,-0.31494024763794376
2015-12-01,2.5707608413399106
2015-12-02,-0.6413502109704684
2015-12-03,-1.2824868354000263
2015-12-04,-2.047664114256224
2015-12-07,-0.0790513833992
2015-12-08,-0.36040787623067055
2015-12-09,-0.8778120864578653
2015-12-10,0.23585955231186914
2015-12-11,-3.431894867696687
2015-12-14,1.9815180911222485
2015-12-15,0.12622847353710268
2015-12-16,5.330932012606936
2015-12-17,-0.4488330341113155
2015-12-18,-0.5152647172484816
2015-12-21,1.4243169752686828
2015-12-22,-1.1957955657687571
2015-12-23,-0.697734516323544
2015-12-24,0.4033657182512174
2015-12-28,-0.6177372672685674
2015-12-29,2.842736677388504
2015-12-30,0.8072696534234982
2015-12-31,-3.266110435621145
2016-01-04,-1.8897364771151115
2016-01-05,-2.8096836896978323
2016-01-06,-2.640909090909092
2016-01-07,1.7134319996265073
2016-01-08,-1.7671899384926204
2016-01-11,-1.1261156020746679
2016-01-12,0.1937618147447999
2016-01-13,-4.622423470591002
2016-01-14,-1.6022946441817958
2016-01-15,4.895210333216067
2016-01-19,-4.460734991136027
2016-01-20,1.0782347041123397
2016-01-21,1.612999255767788
2016-01-22,-2.3149301028803504
2016-01-25,-1.6794961511546604
2016-01-26,-2.196237925775289
2016-01-27,-0.8264892400457446
2016-01-28,-0.44027464751821555
2016-01-29,-0.6264806528033682
2016-02-01,1.9389701207883008
2016-02-02,-4.588920070678715
2016-02-03,-7.021079579497802
2016-02-04,0.35149384885765833
2016-02-05,-8.286631640396976
2016-02-08,-9.410903535851817
2016-02-09,5.747611017425525
2016-02-10,0.9966777408637874
2016-02-11,1.9736842105263157
2016-02-12,2.387096774193541
2016-02-16,0.1890359168242038
2016-02-17,8.440251572327035
2016-02-18,-5.080617097784475
2016-02-19,3.9472076255652007
2016-02-22,3.550434987067947
2016-02-23,-1.9357402361489535
2016-02-24,3.4153400868306836
2016-02-25,5.6255247691015855
2016-02-26,1.9607843137254992
2016-02-29,0.9615384615384585
2016-03-01,-5.415701415701421
2016-03-02,2.476460022859637
2016-03-03,5.162523900573613
2016-03-04,-0.16161616161615816
2016-03-07,2.9441521651153346
2016-03-08,0.5012285012285063
2016-03-09,2.6794445530999362
2016-03-10,-0.9857142857142824
2016-03-11,2.269994709758091
2016-03-14,0.7618151892781587
2016-03-15,1.7407943249171558
2016-03-16,1.5917431192660547
2016-03-17,3.4451618729398996
2016-03-18,2.723701440419035
2016-03-21,0.7945950539644789
2016-03-22,-2.040386155726994
2016-03-23,-7.139475835951285
2016-03-24,7.336175734544449
2016-03-28,-0.7426276931048
2016-03-29,2.2619513680455947
2016-03-30,-2.445871793781105
2016-03-31,6.751983953954821
2016-04-01,1.7543143061370434
2016-04-04,-3.460179833012204
2016-04-05,5.6008316008316
2016-04-06,4.913966216482258
2016-04-07,-2.233064364796393
2016-04-08,-3.6468330134357005
2016-04-11,-0.5976095617529881
2016-04-12,-0.3967935871743523
2016-04-13,1.8067683393022453
2016-04-14,-0.6679841897233193
2016-04-15,0.36608173172575204
2016-04-18,0.35285255520755454
2016-04-19,-2.7101769911504476
2016-04-20,1.1085844229676025
2016-04-21,-0.0401622555122787
2016-04-22,1.6553497529028909
2016-04-25,-0.3794316430180545
2016-04-26,0.2777226740726001
2016-04-27,-1.1473788328387757
2016-04-28,-0.6844106463878359
2016-04-29,-2.675908761183198
2016-05-02,-1.7142857142857084
2016-05-03,-2.978597910347161
2016-05-04,-0.794650223631067
2016-05-05,-7.6993784469929105
2016-05-06,2.299995257741734
2016-05-09,-3.7873168922677487
2016-05-10,0.019272464466389805
2016-05-11,1.8546172744351819
2016-05-12,-1.7309875141884208
2016-05-13,0.17807296178650714
2016-05-16,0.43238049483545793
2016-05-17,0.047835446065531834
2016-05-18,2.1372220894095144
2016-05-19,1.577567643479077
2016-05-20,1.3272501036914122
2016-05-23,-1.4872424614545003
2016-05-24,0.6048014773776558
2016-05-25,1.1885640860905895
2016-05-26,2.036281179138326
2016-05-27,-0.866705186897203
2016-05-31,-0.6994261119081789
2016-06-01,-0.8533501896333694
2016-06-02,0.18671159888883673
2016-06-03,-0.9090909090909091
2016-06-06,1.9449541284403713
2016-06-07,5.201583873290137
2016-06-08,0.5047048759623517
2016-06-09,-3.2300621329474866
2016-06-10,-3.4698095782576135
2016-06-13,-0.28246013667426173
2016-06-14,-0.8817616959064359
2016-06-15,0.21663977875086374
2016-06-16,0.17937632232545986
2016-06-17,0.7759056058032219
2016-06-20,0.5375854214123038
2016-06-21,-9.611201740076131
2016-06-22,-1.8950218077906458
2016-06-23,-2.882109458837951
2016-06-24,0.4262036306235213
2016-06-27,5.779105103217002
2016-06-28,1.604834315716484
2016-06-29,3.821966557792621
2016-06-30,-3.2070244635394713
2016-07-01,1.7415348792083067
2016-07-05,0.12873694750393852
2016-07-06,1.4761904761904734
2016-07-07,2.2055373064289148
2016-07-08,0.991735537190081
2016-07-11,1.8821603927986843
2016-07-12,0.6247211066488201
2016-07-13,-1.0554323725055412
2016-07-14,-0.2689135891000333
2016-07-15,-1.2942656839834727
2016-07-18,2.44035694773266
2016-07-19,0.6533333333333329
2016-07-20,-0.20753300657923734
2016-07-21,-1.7743362831858365
2016-07-22,0.12613180773908786
2016-07-25,2.4384757277185347
2016-07-26,0.7246695067855443
2016-07-27,-0.6060870323537171
2016-07-28,1.2064049133581927
2016-07-29,2.080624187256182
2016-08-01,-2.602972399150741
2016-08-02,-0.8719536120678381
2016-08-03,-0.7388837577516852
2016-08-04,1.9096991448446996
2016-08-05,-0.8695652173913043
2016-08-08,-0.5175438596491259
2016-08-09,0.6260470857949105
2016-08-10,-0.9069400630914921
2016-08-11,-0.3360304195958752
2016-08-12,0.27061798500510786
2016-08-15,-0.2344925227855947
2016-08-16,-0.5144352299436766
2016-08-17,-0.22734364552223033
2016-08-18,-0.12510052720936518
2016-08-19,0.2818287554800015
2016-08-22,0.06691350314493719
2016-08-23,1.2170114122681965
2016-08-24,-1.73530059458269
2016-08-25,-0.4347631213302977
2016-08-26,-0.895831457639318
2016-08-29,-1.8351124233477136
2016-08-30,-2.628291148026471
2016-08-31,-0.6748087249916912
2016-09-01,-3.1960193292186876
2016-09-02,-1.6359412840409242
2016-09-06,3.255954175459747
2016-09-07,-2.8953771289537658
2016-09-08,-0.23051866700075566
2016-09-09,-2.0543472801245684
2016-09-12,1.0564102564102575
2016-09-13,-0.6647721506140274
2016-09-14,0.37803320561941717
2016-09-15,2.0001017863504393
2016-09-16,3.2831054784951665
2016-09-19,-0.07246376811594478
2016-09-20,-0.2320522117476383
2016-09-21,0.01453699665649132
2016-09-22,-0.19864341085271153
2016-09-23,0.24758483421524874
2016-09-26,1.525423728813562
2016-09-27,-1.0207488671595588
2016-09-28,-0.9204375692737684
2016-09-29,-1.6488326848248962
2016-09-30,4.989862024627864
2016-10-03,0.3768252472915605
2016-10-04,-0.4035664007508143
2016-10-05,-4.607990953637392
2016-10-06,-0.7211300997727985
2016-10-07,0.174129353233828
2016-10-10,0.24832381425378697
2016-10-11,-0.4458756502353261
2016-10-12,-0.22393630256282096
2016-10-13,0.07980049875311551
2016-10-14,-1.7990630917970623
2016-10-17,-0.5379345343821377
2016-10-18,1.9133629266799326
2016-10-19,1.1915490137178308
2016-10-20,-1.7415396793983824
2016-10-21,1.2084592145015136
2016-10-24,0.9452736318407989
2016-10-25,-0.9364218827008407
2016-10-26,5.144278606965176
2016-10-27,-3.4730765590990837
2016-10-28,-0.740196078431368
2016-10-31,-2.197639389599495
2016-11-01,-4.034538477075329
2016-11-02,-0.5524861878453098
2016-11-03,0.0
2016-11-04,2.42857142857143
2016-11-07,0.10331112144221738
2016-11-08,-3.5682955776871834
2016-11-09,2.234113712374588
2016-11-10,-3.56451190787752
2016-11-11,2.0408163265306074
2016-11-14,-2.7765957446808502
2016-11-15,-0.07112375533427916
2016-11-16,0.45989597591021264
2016-11-17,3.902120006539864
2016-11-18,-2.94256490952007
2016-11-21,0.43233895373973813
2016-11-22,2.5667240637107245
2016-11-23,1.5896332826189457
2016-11-25,0.9502168973352632
2016-11-28,0.04092490280336224
2016-11-29,-2.331765187154838
2016-11-30,-1.4397905759162304
2016-12-01,-2.8525896414342653
2016-12-02,-0.20231846019247843
2016-12-05,1.6492247000164482
2016-12-06,0.33958602846054087
2016-12-07,3.169486972871343
2016-12-08,-0.61442332725853
2016-12-09,1.0111594278828557
2016-12-12,0.1970954356846449
2016-12-13,2.8781447354798644
2016-12-14,-0.16604609036933304
2016-12-15,-0.16632226198275496
2016-12-16,2.226373182552502
2016-12-19,0.2765568670057792
2016-12-20,2.659443486825894
2016-12-21,-0.11033821060205795
2016-12-22,-0.10565747766785077
2016-12-23,3.3076923076923053
2016-12-27,3.0947505584512314
2016-12-28,-1.340676206382882
2016-12-29,-1.0340409956076093
2016-12-30,-0.6657420249653249
2017-01-03,-0.05119612771107402
2017-01-04,5.434225844004651
2017-01-05,0.22524511968908195
2017-01-06,0.8989556250826212
2017-01-09,1.32331746517011
2017-01-10,-1.2629310344827616
2017-01-11,-0.004365477801541409
2017-01-12,0.410372828079978
2017-01-13,2.9130434782608643
2017-01-17,-0.021123785382333313
2017-01-18,4.479188675258818
2017-01-19,-0.7239635995955478
2017-01-20,0.1588853581031477
2017-01-23,1.6880211511084018
2017-01-24,2.924000000000001
2017-01-25,-1.1736815514360148
2017-01-26,-1.1443627354595134
2017-01-27,0.45747473943830286
2017-01-30,-1.302815507068464
2017-01-31,1.5286470871449214
2017-02-01,-1.8612922347362213
2017-02-02,1.4375453007972911
2017-02-03,-0.36124012544162465
2017-02-06,2.8645418326693215
2017-02-07,-0.3253418025485011
2017-02-08,3.4583252380027107
2017-02-09,1.3295774647887402
2017-02-10,0.3521257274176169
2017-02-13,3.0619782817463115
2017-02-14,0.3476328710174631
2017-02-15,-0.857142857142849
2017-02-16,-4.250720461095105
2017-02-17,3.6305492851768157
2017-02-21,1.7643855509166868
2017-02-22,-5.818558025043703
2017-02-23,-4.295454545454547
2017-02-24,-1.7770917438454876
2017-02-27,-1.603739372204533
2017-02-28,4.09107662066424
2017-03-01,-1.7585962703595872
2017-03-02,0.41247847503103646
2017-03-03,-1.1286591688601788
2017-03-06,1.6175224879996737
2017-03-07,-1.9530009526833865
2017-03-08,0.25506072874493746
2017-03-09,-0.5734361749384111
2017-03-10,-0.7392063685471839
2017-03-13,0.7037931175580128
2017-03-14,4.42485067652675
2017-03-15,2.1011673151750885
2017-03-16,0.6097560975609843
2017-03-17,-1.2878787878787794
2017-03-20,0.8557175748273067
2017-03-21,-4.2879427766997615
2017-03-22,1.5224996024805153
2017-03-23,0.1213829828889159
2017-03-24,1.916308173640999
2017-03-27,6.300844205679186
2017-03-28,0.4764998917045677
2017-03-29,-0.1077818495365217
2017-03-30,0.2481657315494165
2017-03-31,2.9311520109065974
2017-04-03,3.4820494945974243
2017-04-04,1.7346491966721798
2017-04-05,-1.7083829956297263
2017-04-06,0.20883858798167762
2017-04-07,3.9159663865546137
2017-04-10,1.3682678311499332
2017-04-11,-2.2464739294147744
2017-04-12,-3.1468303192531133
2017-04-13,2.0222446916076846
2017-04-17,-0.9910802775024776
2017-04-18,0.9209209209209179
2017-04-19,1.3390200357072048
2017-04-20,-1.4714038693680438
2017-04-21,2.3907284768212014
2017-04-24,-0.394541103421521
2017-04-25,1.4188311688311703
2017-04-26,-0.2176905592726596
2017-04-27,-0.5967467676216798
2017-04-28,1.6299260885001492
2017-05-01,2.8963414634146356
2017-05-02,-1.9537037037036988
2017-05-03,-3.2218969370730677
2017-05-04,-3.0689414022476305
2017-05-05,4.328859060402677
2017-05-08,-0.4889031843036288
2017-05-09,3.9369060702049286
2017-05-10,0.572210473939537
2017-05-11,0.6431663574520845
2017-05-12,-2.181393634017458
2017-05-15,-0.24813116401784674
2017-05-16,-1.0075884001385398
2017-05-17,-2.350583669964053
2017-05-18,2.768729641693811
2017-05-19,-0.8557844690966684
2017-05-22,-0.7480818414322352
2017-05-23,-1.2723056110287925
2017-05-24,1.4714038693680438
2017-05-25,2.0127323001736195
2017-05-26,2.74836106908725
2017-05-30,3.5858895705521463
2017-05-31,1.8685776895969681
2017-06-01,-1.229651162790703
2017-06-02,-0.37378226447302054
2017-06-05,1.831610044313143
2017-06-06,3.376849434290684
2017-06-07,2.0794746590335142
2017-06-08,2.933333333333338
2017-06-09,-4.388120292719408
2017-06-12,2.6900192742814033
2017-06-13,3.662749578368961
2017-06-14,-2.2527782515711663
2017-06-15,1.469798657718127
2017-06-16,-0.7870890931940002
2017-06-19,0.4453333333333376
2017-06-20,-0.6159237528871407
2017-06-21,0.9723520769333475
2017-06-22,1.1799253948517103
2017-06-23,1.1086416525035976
2017-06-26,-2.661046316170581
2017-06-27,-2.582359192348558
2017-06-28,1.0717792080288007
2017-06-29,-1.8617954183643273
2017-06-30,1.7953864342470731
2017-07-03,-6.22299049265342
2017-07-05,-8.623271889400922
2017-07-06,-1.1851478282796417
2017-07-07,-0.19138755980861968
2017-07-10,0.990731863215092
2017-07-11,4.556962025316449
2017-07-12,-0.08777239709441999
2017-07-13,-2.0962709399897053
2017-07-14,0.7271264581206172
2017-07-17,-2.469742581556804
2017-07-18,3.379527559055124
2017-07-19,-0.40520366815953474
2017-07-20,0.7831141021719187
2017-07-21,0.23675104716810222
2017-07-24,4.469476744186044
2017-07-25,-1.3449275362318802
2017-07-26,1.6570689857797587
2017-07-27,-2.632947976878617
2017-07-28,-0.4125975837810521
2017-07-31,-3.7257824143070044
2017-08-01,-1.2569659442724466
2017-08-02,8.274283564306762
2017-08-03,0.4835954015000191
2017-08-04,2.9827089337175856
2017-08-07,0.05037078494471805
2017-08-08,0.9705479260481715
2017-08-09,0.16620498614959078
2017-08-10,-1.2804203539822996
2017-08-11,2.1458385858755546
2017-08-14,0.15632284781833453
2017-08-15,-0.6024096385542138
2017-08-16,-0.4931129476584078
2017-08-17,-2.297832285927841
2017-08-18,-2.0090107959536514
2017-08-21,-1.3561968654213168
2017-08-22,-0.6273268255503727
2017-08-23,3.9912681790023226
2017-08-24,0.4879155792579222
2017-08-25,-1.9647696476964873
2017-08-28,-2.2460262612301185
2017-08-29,3.0016495817132074
2017-08-30,1.1096176394886592
2017-08-31,0.7269127421863932
2017-09-01,-0.6514657980456007
2017-09-05,-1.2153759185980813
2017-09-06,-1.0071530758225986
2017-09-07,0.8699924851147438
2017-09-08,0.6762371414653754
2017-09-11,3.7398605379251415
2017-09-12,-0.18381848610387552
2017-09-13,0.1401792094992004
2017-09-14,2.7941701204951577
2017-09-15,1.5326693546233772
2017-09-18,-0.06574621959237344
2017-09-19,-1.8421052631578945
2017-09-20,0.5093833780160797
2017-09-21,-2.24326487063216
2017-09-22,-3.6399356053371252
2017-09-25,-0.6286280617301346
2017-09-26,-0.29350582737298875
2017-09-27,-2.8636753358102265
2017-09-28,0.5825585500765029
2017-09-29,0.19306148715847662
2017-10-02,-1.932733854957376
2017-10-03,4.5698124441798225
2017-10-04,1.3523131672597866
2017-10-05,-0.8146067415730273
2017-10-06,-0.9770603228547283
2017-10-09,-0.8151008151008055
2017-10-10,2.0444059976931874
2017-10-11,-0.2656192602221023
2017-10-12,1.1418047882136364
2017-10-13,-0.9020113171606328
2017-10-16,-0.8056309362279416
2017-10-17,1.4419651762560206
2017-10-18,-0.11517824535776189
2017-10-19,-0.8071774102823728
2017-10-20,-0.7967336754657072
2017-10-23,-3.16680004572996
2017-10-24,-0.6198347107438084
2017-10-25,-2.649242649242654
2017-10-26,-2.4498138995667746
2017-10-27,-0.17826426896012298
2017-10-30,0.32896798044990644
2017-10-31,3.7535521344033915
2017-11-01,-9.667419112114374
2017-11-02,-0.20990903941625144
2017-11-03,2.5041736227045077
2017-11-06,-1.9478827361563578
2017-11-07,1.4882732044382496
2017-11-08,-0.9819967266775778
2017-11-09,0.0
